project,bug,tool,budget,repetition,test_count,compile_ok,failing_on_buggy,failing_on_fixed,fault_detected,lines_total,lines_covered,line_cov_pct,branches_total,branches_covered,branch_cov_pct,generation_time_sec,notes,status
Lang,1,CATG,default,1,5,True,0,0,False,375,33,8.8,338,9,2.66,14.0,modified=org.apache.commons.lang3.math.NumberUtils;target=org.apache.commons.lang3.math.NumberUtils::createNumber;params=java.lang.String;catg_cases=5,completed
Lang,3,CATG,default,1,5,True,0,0,False,373,33,8.85,334,9,2.69,24.79,modified=org.apache.commons.lang3.math.NumberUtils;target=org.apache.commons.lang3.math.NumberUtils::createNumber;params=java.lang.String;catg_cases=5,completed
Chart,1,CATG,default,1,0,False,0,0,False,0,0,0,0,0,0,0.0,STATUS:abstract_class:getLegendItems,unsupported
Chart,2,CATG,default,1,0,False,0,0,False,0,0,0,0,0,0,0.0,STATUS:unsupported_type:iterateRangeBounds,unsupported
Chart,3,CATG,default,1,0,False,0,0,False,0,0,0,0,0,0,3.01,STATUS:catg_runtime_type_model:ClassCastException,unsupported
Chart,4,CATG,default,1,0,False,0,0,False,0,0,0,0,0,0,0.0,STATUS:unsupported_type:getDataRange,unsupported
Chart,5,CATG,default,1,0,False,0,0,False,0,0,0,0,0,0,0.0,STATUS:unsupported_type:addOrUpdate,unsupported
Chart,6,CATG,default,1,0,False,0,0,False,0,0,0,0,0,0,0.0,STATUS:unsupported_type:equals,unsupported
Chart,7,CATG,default,1,0,False,0,0,False,0,0,0,0,0,0,0.0,STATUS:source patch metadata is missing,unsupported
Chart,8,CATG,default,1,0,False,0,0,False,0,0,0,0,0,0,0.0,STATUS:no_source_method,unsupported
Chart,9,CATG,default,1,0,False,0,0,False,0,0,0,0,0,0,0.0,STATUS:unsupported_type:createCopy,unsupported
Chart,10,CATG,default,1,1,True,1,1,False,3,3,100.0,0,0,0.0,2.65,modified=org.jfree.chart.imagemap.StandardToolTipTagFragmentGenerator;target=org.jfree.chart.imagemap.StandardToolTipTagFragmentGenerator::generateToolTipFragment;params=java.lang.String;catg_cases=1,completed
Chart,11,CATG,default,1,0,False,0,0,False,0,0,0,0,0,0,0.0,STATUS:unsupported_type:equal,unsupported
Chart,12,CATG,default,1,0,False,0,0,False,0,0,0,0,0,0,0.0,STATUS:no_source_method,unsupported
Chart,13,CATG,default,1,0,False,0,0,False,0,0,0,0,0,0,0.0,STATUS:unsupported_type:arrangeFF,unsupported
Chart,14,CATG,default,1,0,False,0,0,False,0,0,0,0,0,0,0.0,STATUS:unsupported_type:removeDomainMarker,unsupported
Chart,15,CATG,default,1,0,False,0,0,False,0,0,0,0,0,0,2.77,"STATUS:ERROR:CATG failed with exit 1:
Now testing catg.generated.CatgHarness_0d9635642c

========== Input 1 ==========
WARNING: 
Exception in thread ""main"" java.lang.ArrayIndexOutOfBoundsException: -1
	at java.util.ArrayList.elementData(ArrayList.java:424)
	at java.util.ArrayList.remove(ArrayList.java:501)
	at janala.interpreters.Frame.pop2(Frame.java:81)
	at janala.interpreters.ConcolicInterpreter.setArgumentsAndNewFrame(ConcolicInterpreter.java:1054)
	at janala.interpreters.ConcolicInterpreter.visitINVOKESPECIAL(ConcolicInterpreter.java:1089)
	at janala.logger.inst.INVOKESPECIAL.visit(INVOKESPECIAL.java:16)
	at janala.logger.DirectConcolicExecution.log(DirectConcolicExecution.java:58)
	at janala.logger.AbstractLogger.ASTORE(AbstractLogger.java:217)
	at janala.logger.DJVM.ASTORE(DJVM.java:224)
	at catg.generated.CatgHarness_0d9635642c.main(CatgHarness_0d9635642c.java:27)
Exception in thread ""Thread-1"" java.lang.ArrayIndexOutOfBoundsException: -1
	at java.util.ArrayList.elementData(ArrayList.java:424)
	at java.util.ArrayList.remove(ArrayList.java:501)
	at janala.interpreters.Frame.pop2(Frame.java:81)
	at janala.interpreters.ConcolicInterpreter.setArgumentsAndNewFrame(ConcolicInterpreter.java:1054)
	at janala.interpreters.ConcolicInterpreter.visitINVOKESPECIAL(ConcolicInterpreter.java:1089)
	at janala.logger.inst.INVOKESPECIAL.visit(INVOKESPECIAL.java:16)
	at janala.logger.DirectConcolicExecution.log(DirectConcolicExecution.java:58)
	at janala.logger.DirectConcolicExecution.finish(DirectConcolicExecution.java:46)
	at janala.logger.DirectConcolicExecution$Finisher.run(DirectConcolicExecution.java:41)
Java exited with status 1",error
Chart,16,CATG,default,1,0,False,0,0,False,0,0,0,0,0,0,0.0,STATUS:unsupported_type:setCategoryKeys,unsupported
Chart,17,CATG,default,1,1,True,1,0,True,287,2,0.7,128,0,0.0,2.76,modified=org.jfree.data.time.TimeSeries;target=org.jfree.data.time.TimeSeries::clone;params=;catg_cases=1,completed
Chart,18,CATG,default,1,0,False,0,0,False,0,0,0,0,0,0,3.08,STATUS:catg_runtime_type_model:ClassCastException,unsupported
Chart,19,CATG,default,1,0,False,0,0,False,0,0,0,0,0,0,0.0,STATUS:unsupported_type:getRangeAxisIndex,unsupported
Chart,20,CATG,default,1,0,False,0,0,False,0,0,0,0,0,0,0.0,STATUS:no_source_method,unsupported
Chart,21,CATG,default,1,0,False,0,0,False,0,0,0,0,0,0,1.5,STATUS:catg_runtime_type_model:ClassCastException,unsupported
Chart,22,CATG,default,1,0,False,0,0,False,0,0,0,0,0,0,1.78,STATUS:catg_runtime_type_model:ClassCastException,unsupported
Chart,23,CATG,default,1,0,False,0,0,False,0,0,0,0,0,0,1.65,"STATUS:ERROR:CATG failed with exit 1:
Now testing catg.generated.CatgHarness_79232c868a

========== Input 1 ==========
WARNING: 
java.lang.NoSuchMethodException: org.jfree.chart.renderer.category.MinMaxCategoryRenderer.Icon()
	at java.lang.Class.getDeclaredMethod(Class.java:2130)
	at catg.generated.CatgHarness_79232c868a.main(CatgHarness_79232c868a.java:14)
Java exited with status 1",error
Chart,24,CATG,default,1,0,False,0,0,False,0,0,0,0,0,0,0.0,STATUS:harness_limitation:unsupported_type:double value:getPaint,unsupported
Chart,25,CATG,default,1,0,False,0,0,False,0,0,0,0,0,0,0.0,STATUS:harness_limitation:unsupported_type:Graphics2D g2:drawVerticalItem,unsupported
Chart,26,CATG,default,1,0,False,0,0,False,0,0,0,0,0,0,0.0,STATUS:harness_limitation:unsupported_type:Graphics2D g2:drawLabel,unsupported
Cli,1,CATG,default,1,5,True,0,0,False,45,11,24.44,14,2,14.29,3.17,modified=org.apache.commons.cli.CommandLine;target=org.apache.commons.cli.CommandLine::getOptionValues;params=java.lang.String;catg_cases=5,completed
Cli,2,CATG,default,1,5,True,0,0,False,68,6,8.82,42,1,2.38,3.27,"modified=org.apache.commons.cli.PosixParser;target=org.apache.commons.cli.PosixParser::burstToken;params=java.lang.String,boolean;catg_cases=5",completed
Cli,3,CATG,default,1,5,True,0,0,False,55,4,7.27,20,0,0.0,3.77,modified=org.apache.commons.cli.TypeHandler;target=org.apache.commons.cli.TypeHandler::createNumber;params=java.lang.String;catg_cases=5,completed
Cli,4,CATG,default,1,0,False,0,0,False,0,0,0,0,0,0,0.0,STATUS:harness_limitation:abstract_class:checkRequiredOptions,unsupported
Cli,5,CATG,default,1,5,True,0,0,False,11,4,36.36,8,3,37.5,3.13,modified=org.apache.commons.cli.Util;target=org.apache.commons.cli.Util::stripLeadingHyphens;params=java.lang.String;catg_cases=5,completed
Cli,7,CATG,default,1,0,False,0,0,False,0,0,0,0,0,0,0.0,"STATUS:ERROR:checkout Cli-7b failed at D:\Lab_SQA\Defects4J_Projects\Cli_7_b: exit=128
Checking out 4ee0d6c4 to D:\Lab_SQA\Defects4J_Projects\Cli_7_b............. OK
Init local repository...................................................... OK
Tag post-fix revision...................................................... OK
Cannot determine how to apply patch!
All attempts failed:
* cd D:\Lab_SQA\Defects4J_Projects\Cli_7_b && git apply -p1 --ignore-whitespace --check D:/Lab_SQA/defects4j/framework/projects/Cli/compile-errors//test-7-7.diff 2>&1
error: corrupt patch at line 13
* cd D:\Lab_SQA\Defects4J_Projects\Cli_7_b && git apply -p0 --ignore-whitespace --check D:/Lab_SQA/defects4j/framework/projects/Cli/compile-errors//test-7-7.diff 2>&1
error: corrupt patch at line 13
* cd D:\Lab_SQA\Defects4J_Projects\Cli_7_b && git apply -p2 --ignore-whitespace --check D:/Lab_SQA/defects4j/framework/projects/Cli/compile-errors//test-7-7.diff 2>&1
error: corrupt patch at line 13
----------------------------------------------------------------------
 at D:/Lab_SQA/defects4j/framework/core/Vcs.pm line 414.
	Vcs::_apply_cmd(Vcs::Git=HASH(0x25f2df5ae50), ""D:\\Lab_SQA\\Defects4J_Projects\\Cli_7_b"", ""D:/Lab_SQA/defects4j/framework/projects/Cli/compile-errors//t""..., undef) called at D:/Lab_SQA/defects4j/framework/core/Vcs.pm line 375
	Vcs::apply_patch(Vcs::Git=HASH(0x25f2df5ae50), ""D:\\Lab_SQA\\Defects4J_Projects\\Cli_7_b"", ""D:/Lab_SQA/defects4j/framework/projects/Cli/compile-errors//t""...) called at D:/Lab_SQA/defects4j/framework/core/Project.pm line 1084
	Project::apply_patch(Project::Cli=HASH(0x25f2de75210), ""D:\\Lab_SQA\\Defects4J_Projects\\Cli_7_b"", ""D:/Lab_SQA/defects4j/framework/projects/Cli/compile-errors//t""...) called at D:/Lab_SQA/defects4j/framework/core/Project/Cli.pm line 99
	Project::Cli::_post_checkout(Project::Cli=HASH(0x25f2de75210), ""4ee0d6c4f1b553858aeabf3ee6fb37d764f263e2"", ""D:\\Lab_SQA\\Defects4J_Projects\\Cli_7_b"") called at D:/Lab_SQA/defects4j/framework/core/Project.pm line 440
	Project::checkout_vid(Project::Cli=HASH(0x25f2de75210), ""7b"") called at D:/Lab_SQA/defects4j/framework/bin/d4j/d4j-checkout line 96
	require D:/Lab_SQA/defects4j/framework/bin/d4j/d4j-checkout called at D:\Lab_SQA\defects4j\framework\bin\defects4j line 195
Compilation failed in require at D:\Lab_SQA\defects4j\framework\bin\defects4j line 195.",error
Cli,8,CATG,default,1,0,False,0,0,False,0,0,0,0,0,0,0.0,STATUS:harness_limitation:unsupported_type:StringBuffer sb:renderWrappedText,unsupported
Cli,9,CATG,default,1,0,False,0,0,False,0,0,0,0,0,0,0.0,STATUS:harness_limitation:abstract_class:checkRequiredOptions,unsupported
Cli,10,CATG,default,1,0,False,0,0,False,0,0,0,0,0,0,0.0,STATUS:harness_limitation:unsupported_type:final Options options:setOptions,unsupported
Cli,11,CATG,default,1,0,False,0,0,False,0,0,0,0,0,0,0.0,STATUS:harness_limitation:unsupported_type:final StringBuffer buff:appendOption,unsupported
Cli,12,CATG,default,1,0,False,0,0,False,0,0,0,0,0,0,0.0,STATUS:harness_limitation:unsupported_type:Options options:flatten,unsupported
Cli,13,CATG,default,1,0,False,0,0,False,0,0,0,0,0,0,0.0,"STATUS:ERROR:checkout Cli-13b failed at D:\Lab_SQA\Defects4J_Projects\Cli_13_b: exit=128
Checking out 538fb688 to D:\Lab_SQA\Defects4J_Projects\Cli_13_b............ OK
Init local repository...................................................... OK
Tag post-fix revision...................................................... OK
Cannot determine how to apply patch!
All attempts failed:
* cd D:\Lab_SQA\Defects4J_Projects\Cli_13_b && git apply -p1 --ignore-whitespace --check D:/Lab_SQA/defects4j/framework/projects/Cli/compile-errors//test-13-16.diff 2>&1
error: corrupt patch at line 13
* cd D:\Lab_SQA\Defects4J_Projects\Cli_13_b && git apply -p0 --ignore-whitespace --check D:/Lab_SQA/defects4j/framework/projects/Cli/compile-errors//test-13-16.diff 2>&1
error: corrupt patch at line 13
* cd D:\Lab_SQA\Defects4J_Projects\Cli_13_b && git apply -p2 --ignore-whitespace --check D:/Lab_SQA/defects4j/framework/projects/Cli/compile-errors//test-13-16.diff 2>&1
error: corrupt patch at line 13
----------------------------------------------------------------------
 at D:/Lab_SQA/defects4j/framework/core/Vcs.pm line 414.
	Vcs::_apply_cmd(Vcs::Git=HASH(0x1bfb33e2be8), ""D:\\Lab_SQA\\Defects4J_Projects\\Cli_13_b"", ""D:/Lab_SQA/defects4j/framework/projects/Cli/compile-errors//t""..., undef) called at D:/Lab_SQA/defects4j/framework/core/Vcs.pm line 375
	Vcs::apply_patch(Vcs::Git=HASH(0x1bfb33e2be8), ""D:\\Lab_SQA\\Defects4J_Projects\\Cli_13_b"", ""D:/Lab_SQA/defects4j/framework/projects/Cli/compile-errors//t""...) called at D:/Lab_SQA/defects4j/framework/core/Project.pm line 1084
	Project::apply_patch(Project::Cli=HASH(0x1bfb33e9758), ""D:\\Lab_SQA\\Defects4J_Projects\\Cli_13_b"", ""D:/Lab_SQA/defects4j/framework/projects/Cli/compile-errors//t""...) called at D:/Lab_SQA/defects4j/framework/core/Project/Cli.pm line 99
	Project::Cli::_post_checkout(Project::Cli=HASH(0x1bfb33e9758), ""538fb6889f0387a40b821cfb315685e929110736"", ""D:\\Lab_SQA\\Defects4J_Projects\\Cli_13_b"") called at D:/Lab_SQA/defects4j/framework/core/Project.pm line 440
	Project::checkout_vid(Project::Cli=HASH(0x1bfb33e9758), ""13b"") called at D:/Lab_SQA/defects4j/framework/bin/d4j/d4j-checkout line 96
	require D:/Lab_SQA/defects4j/framework/bin/d4j/d4j-checkout called at D:\Lab_SQA\defects4j\framework\bin\defects4j line 195
Compilation failed in require at D:\Lab_SQA\defects4j\framework\bin\defects4j line 195.",error
Cli,14,CATG,default,1,0,False,0,0,False,0,0,0,0,0,0,0.0,"STATUS:ERROR:checkout Cli-14b failed at D:\Lab_SQA\Defects4J_Projects\Cli_14_b: exit=128
Checking out c338c8ac to D:\Lab_SQA\Defects4J_Projects\Cli_14_b............ OK
Init local repository...................................................... OK
Tag post-fix revision...................................................... OK
Cannot determine how to apply patch!
All attempts failed:
* cd D:\Lab_SQA\Defects4J_Projects\Cli_14_b && git apply -p1 --ignore-whitespace --check D:/Lab_SQA/defects4j/framework/projects/Cli/compile-errors//test-13-16.diff 2>&1
error: corrupt patch at line 13
* cd D:\Lab_SQA\Defects4J_Projects\Cli_14_b && git apply -p0 --ignore-whitespace --check D:/Lab_SQA/defects4j/framework/projects/Cli/compile-errors//test-13-16.diff 2>&1
error: corrupt patch at line 13
* cd D:\Lab_SQA\Defects4J_Projects\Cli_14_b && git apply -p2 --ignore-whitespace --check D:/Lab_SQA/defects4j/framework/projects/Cli/compile-errors//test-13-16.diff 2>&1
error: corrupt patch at line 13
----------------------------------------------------------------------
 at D:/Lab_SQA/defects4j/framework/core/Vcs.pm line 414.
	Vcs::_apply_cmd(Vcs::Git=HASH(0x1df32e4ed20), ""D:\\Lab_SQA\\Defects4J_Projects\\Cli_14_b"", ""D:/Lab_SQA/defects4j/framework/projects/Cli/compile-errors//t""..., undef) called at D:/Lab_SQA/defects4j/framework/core/Vcs.pm line 375
	Vcs::apply_patch(Vcs::Git=HASH(0x1df32e4ed20), ""D:\\Lab_SQA\\Defects4J_Projects\\Cli_14_b"", ""D:/Lab_SQA/defects4j/framework/projects/Cli/compile-errors//t""...) called at D:/Lab_SQA/defects4j/framework/core/Project.pm line 1084
	Project::apply_patch(Project::Cli=HASH(0x1df32e4ff98), ""D:\\Lab_SQA\\Defects4J_Projects\\Cli_14_b"", ""D:/Lab_SQA/defects4j/framework/projects/Cli/compile-errors//t""...) called at D:/Lab_SQA/defects4j/framework/core/Project/Cli.pm line 99
	Project::Cli::_post_checkout(Project::Cli=HASH(0x1df32e4ff98), ""c338c8aca40d43efda580057f6d41ba228e26ec1"", ""D:\\Lab_SQA\\Defects4J_Projects\\Cli_14_b"") called at D:/Lab_SQA/defects4j/framework/core/Project.pm line 440
	Project::checkout_vid(Project::Cli=HASH(0x1df32e4ff98), ""14b"") called at D:/Lab_SQA/defects4j/framework/bin/d4j/d4j-checkout line 96
	require D:/Lab_SQA/defects4j/framework/bin/d4j/d4j-checkout called at D:\Lab_SQA\defects4j\framework\bin\defects4j line 195
Compilation failed in require at D:\Lab_SQA\defects4j\framework\bin\defects4j line 195.",error
Cli,15,CATG,default,1,0,False,0,0,False,0,0,0,0,0,0,0.0,"STATUS:ERROR:checkout Cli-15b failed at D:\Lab_SQA\Defects4J_Projects\Cli_15_b: exit=128
Checking out a9313916 to D:\Lab_SQA\Defects4J_Projects\Cli_15_b............ OK
Init local repository...................................................... OK
Tag post-fix revision...................................................... OK
Cannot determine how to apply patch!
All attempts failed:
* cd D:\Lab_SQA\Defects4J_Projects\Cli_15_b && git apply -p1 --ignore-whitespace --check D:/Lab_SQA/defects4j/framework/projects/Cli/compile-errors//test-13-16.diff 2>&1
error: corrupt patch at line 13
* cd D:\Lab_SQA\Defects4J_Projects\Cli_15_b && git apply -p0 --ignore-whitespace --check D:/Lab_SQA/defects4j/framework/projects/Cli/compile-errors//test-13-16.diff 2>&1
error: corrupt patch at line 13
* cd D:\Lab_SQA\Defects4J_Projects\Cli_15_b && git apply -p2 --ignore-whitespace --check D:/Lab_SQA/defects4j/framework/projects/Cli/compile-errors//test-13-16.diff 2>&1
error: corrupt patch at line 13
----------------------------------------------------------------------
 at D:/Lab_SQA/defects4j/framework/core/Vcs.pm line 414.
	Vcs::_apply_cmd(Vcs::Git=HASH(0x25f954b5170), ""D:\\Lab_SQA\\Defects4J_Projects\\Cli_15_b"", ""D:/Lab_SQA/defects4j/framework/projects/Cli/compile-errors//t""..., undef) called at D:/Lab_SQA/defects4j/framework/core/Vcs.pm line 375
	Vcs::apply_patch(Vcs::Git=HASH(0x25f954b5170), ""D:\\Lab_SQA\\Defects4J_Projects\\Cli_15_b"", ""D:/Lab_SQA/defects4j/framework/projects/Cli/compile-errors//t""...) called at D:/Lab_SQA/defects4j/framework/core/Project.pm line 1084
	Project::apply_patch(Project::Cli=HASH(0x25f954b3298), ""D:\\Lab_SQA\\Defects4J_Projects\\Cli_15_b"", ""D:/Lab_SQA/defects4j/framework/projects/Cli/compile-errors//t""...) called at D:/Lab_SQA/defects4j/framework/core/Project/Cli.pm line 99
	Project::Cli::_post_checkout(Project::Cli=HASH(0x25f954b3298), ""a93139165b160af1c908c85a06b0af6b3dda3387"", ""D:\\Lab_SQA\\Defects4J_Projects\\Cli_15_b"") called at D:/Lab_SQA/defects4j/framework/core/Project.pm line 440
	Project::checkout_vid(Project::Cli=HASH(0x25f954b3298), ""15b"") called at D:/Lab_SQA/defects4j/framework/bin/d4j/d4j-checkout line 96
	require D:/Lab_SQA/defects4j/framework/bin/d4j/d4j-checkout called at D:\Lab_SQA\defects4j\framework\bin\defects4j line 195
Compilation failed in require at D:\Lab_SQA\defects4j\framework\bin\defects4j line 195.",error
Cli,16,CATG,default,1,0,False,0,0,False,0,0,0,0,0,0,0.0,"STATUS:ERROR:checkout Cli-16b failed at D:\Lab_SQA\Defects4J_Projects\Cli_16_b: exit=128
Checking out f104dd06 to D:\Lab_SQA\Defects4J_Projects\Cli_16_b............ OK
Init local repository...................................................... OK
Tag post-fix revision...................................................... OK
Cannot determine how to apply patch!
All attempts failed:
* cd D:\Lab_SQA\Defects4J_Projects\Cli_16_b && git apply -p1 --ignore-whitespace --check D:/Lab_SQA/defects4j/framework/projects/Cli/compile-errors//test-13-16.diff 2>&1
error: corrupt patch at line 13
* cd D:\Lab_SQA\Defects4J_Projects\Cli_16_b && git apply -p0 --ignore-whitespace --check D:/Lab_SQA/defects4j/framework/projects/Cli/compile-errors//test-13-16.diff 2>&1
error: corrupt patch at line 13
* cd D:\Lab_SQA\Defects4J_Projects\Cli_16_b && git apply -p2 --ignore-whitespace --check D:/Lab_SQA/defects4j/framework/projects/Cli/compile-errors//test-13-16.diff 2>&1
error: corrupt patch at line 13
----------------------------------------------------------------------
 at D:/Lab_SQA/defects4j/framework/core/Vcs.pm line 414.
	Vcs::_apply_cmd(Vcs::Git=HASH(0x16d4fbbfd40), ""D:\\Lab_SQA\\Defects4J_Projects\\Cli_16_b"", ""D:/Lab_SQA/defects4j/framework/projects/Cli/compile-errors//t""..., undef) called at D:/Lab_SQA/defects4j/framework/core/Vcs.pm line 375
	Vcs::apply_patch(Vcs::Git=HASH(0x16d4fbbfd40), ""D:\\Lab_SQA\\Defects4J_Projects\\Cli_16_b"", ""D:/Lab_SQA/defects4j/framework/projects/Cli/compile-errors//t""...) called at D:/Lab_SQA/defects4j/framework/core/Project.pm line 1084
	Project::apply_patch(Project::Cli=HASH(0x16d4fbbe6d8), ""D:\\Lab_SQA\\Defects4J_Projects\\Cli_16_b"", ""D:/Lab_SQA/defects4j/framework/projects/Cli/compile-errors//t""...) called at D:/Lab_SQA/defects4j/framework/core/Project/Cli.pm line 99
	Project::Cli::_post_checkout(Project::Cli=HASH(0x16d4fbbe6d8), ""f104dd060c6c88450ac9ee9eb818b26374512440"", ""D:\\Lab_SQA\\Defects4J_Projects\\Cli_16_b"") called at D:/Lab_SQA/defects4j/framework/core/Project.pm line 440
	Project::checkout_vid(Project::Cli=HASH(0x16d4fbbe6d8), ""16b"") called at D:/Lab_SQA/defects4j/framework/bin/d4j/d4j-checkout line 96
	require D:/Lab_SQA/defects4j/framework/bin/d4j/d4j-checkout called at D:\Lab_SQA\defects4j\framework\bin\defects4j line 195
Compilation failed in require at D:\Lab_SQA\defects4j\framework\bin\defects4j line 195.",error
Cli,17,CATG,default,1,5,True,0,0,False,67,5,7.46,42,1,2.38,3.63,"modified=org.apache.commons.cli.PosixParser;target=org.apache.commons.cli.PosixParser::burstToken;params=java.lang.String,boolean;catg_cases=5",completed
Cli,18,CATG,default,1,0,False,0,0,False,0,0,0,0,0,0,1.23,STATUS:concrete_runner:ERROR:java.lang.NoSuchMethodException:org.apache.commons.cli.PosixParser.processSingleHyphen(java.lang.String),unsupported
Cli,19,CATG,default,1,1,True,0,0,False,65,3,4.62,42,0,0.0,1.91,"modified=org.apache.commons.cli.PosixParser;target=org.apache.commons.cli.PosixParser::processOptionToken;params=java.lang.String,boolean;catg_cases=1",completed
Cli,20,CATG,default,1,0,False,0,0,False,0,0,0,0,0,0,0.0,STATUS:harness_limitation:unsupported_type:Options options:flatten,unsupported
Cli,21,CATG,default,1,0,False,0,0,False,0,0,0,0,0,0,0.0,"STATUS:ERROR:checkout Cli-21b failed at D:\Lab_SQA\Defects4J_Projects\Cli_21_b: exit=128
Checking out 9cd78b4c to D:\Lab_SQA\Defects4J_Projects\Cli_21_b............ OK
Init local repository...................................................... OK
Tag post-fix revision...................................................... OK
Cannot determine how to apply patch!
All attempts failed:
* cd D:\Lab_SQA\Defects4J_Projects\Cli_21_b && git apply -p1 --ignore-whitespace --check D:/Lab_SQA/defects4j/framework/projects/Cli/compile-errors//test-21-21.diff 2>&1
error: corrupt patch at line 13
* cd D:\Lab_SQA\Defects4J_Projects\Cli_21_b && git apply -p0 --ignore-whitespace --check D:/Lab_SQA/defects4j/framework/projects/Cli/compile-errors//test-21-21.diff 2>&1
error: corrupt patch at line 13
* cd D:\Lab_SQA\Defects4J_Projects\Cli_21_b && git apply -p2 --ignore-whitespace --check D:/Lab_SQA/defects4j/framework/projects/Cli/compile-errors//test-21-21.diff 2>&1
error: corrupt patch at line 13
----------------------------------------------------------------------
 at D:/Lab_SQA/defects4j/framework/core/Vcs.pm line 414.
	Vcs::_apply_cmd(Vcs::Git=HASH(0x25fe2f23a40), ""D:\\Lab_SQA\\Defects4J_Projects\\Cli_21_b"", ""D:/Lab_SQA/defects4j/framework/projects/Cli/compile-errors//t""..., undef) called at D:/Lab_SQA/defects4j/framework/core/Vcs.pm line 375
	Vcs::apply_patch(Vcs::Git=HASH(0x25fe2f23a40), ""D:\\Lab_SQA\\Defects4J_Projects\\Cli_21_b"", ""D:/Lab_SQA/defects4j/framework/projects/Cli/compile-errors//t""...) called at D:/Lab_SQA/defects4j/framework/core/Project.pm line 1084
	Project::apply_patch(Project::Cli=HASH(0x25fe2f233e0), ""D:\\Lab_SQA\\Defects4J_Projects\\Cli_21_b"", ""D:/Lab_SQA/defects4j/framework/projects/Cli/compile-errors//t""...) called at D:/Lab_SQA/defects4j/framework/core/Project/Cli.pm line 99
	Project::Cli::_post_checkout(Project::Cli=HASH(0x25fe2f233e0), ""9cd78b4c83df53ba302baadac4c976ca84f428f9"", ""D:\\Lab_SQA\\Defects4J_Projects\\Cli_21_b"") called at D:/Lab_SQA/defects4j/framework/core/Project.pm line 440
	Project::checkout_vid(Project::Cli=HASH(0x25fe2f233e0), ""21b"") called at D:/Lab_SQA/defects4j/framework/bin/d4j/d4j-checkout line 96
	require D:/Lab_SQA/defects4j/framework/bin/d4j/d4j-checkout called at D:\Lab_SQA\defects4j\framework\bin\defects4j line 195
Compilation failed in require at D:\Lab_SQA\defects4j\framework\bin\defects4j line 195.",error
Cli,22,CATG,default,1,5,True,0,0,False,57,5,8.77,38,1,2.63,2.94,"modified=org.apache.commons.cli.PosixParser;target=org.apache.commons.cli.PosixParser::burstToken;params=java.lang.String,boolean;catg_cases=5",completed
Cli,23,CATG,default,1,0,False,0,0,False,0,0,0,0,0,0,0.0,STATUS:harness_limitation:unsupported_type:StringBuffer sb:renderWrappedText,unsupported
Cli,24,CATG,default,1,0,False,0,0,False,0,0,0,0,0,0,0.0,STATUS:harness_limitation:unsupported_type:StringBuffer sb:renderWrappedText,unsupported
Cli,25,CATG,default,1,0,False,0,0,False,0,0,0,0,0,0,0.0,STATUS:harness_limitation:unsupported_type:StringBuffer sb:renderWrappedText,unsupported
Cli,26,CATG,default,1,5,True,0,0,False,61,23,37.7,4,0,0.0,2.9,modified=org.apache.commons.cli.OptionBuilder;target=org.apache.commons.cli.OptionBuilder::create;params=java.lang.String;catg_cases=5,completed
Cli,27,CATG,default,1,0,False,0,0,False,0,0,0,0,0,0,0.0,STATUS:harness_limitation:unsupported_type:Option option:setSelected,unsupported
Cli,28,CATG,default,1,0,False,0,0,False,0,0,0,0,0,0,0.0,STATUS:harness_limitation:unsupported_type:Properties properties:processProperties,unsupported
Cli,29,CATG,default,1,5,True,5,0,True,14,5,35.71,10,2,20.0,3.05,modified=org.apache.commons.cli.Util;target=org.apache.commons.cli.Util::stripLeadingAndTrailingQuotes;params=java.lang.String;catg_cases=5,completed
Cli,30,CATG,default,1,0,False,0,0,False,0,0,0,0,0,0,0.0,STATUS:harness_limitation:unsupported_type:Properties properties:handleProperties,unsupported
Cli,31,CATG,default,1,1,True,0,0,False,386,15,3.89,208,0,0.0,1.35,modified=org.apache.commons.cli.HelpFormatter;org.apache.commons.cli.Option;org.apache.commons.cli.OptionBuilder;target=org.apache.commons.cli.OptionBuilder::reset;params=;catg_cases=1,completed
Cli,32,CATG,default,1,0,False,0,0,False,0,0,0,0,0,0,1.41,STATUS:catg_runtime_interpreter:ClassCastException,unsupported
Cli,33,CATG,default,1,0,False,0,0,False,0,0,0,0,0,0,1.52,STATUS:catg_runtime_interpreter:ClassCastException,unsupported
Cli,34,CATG,default,1,1,True,0,0,False,180,15,8.33,88,0,0.0,1.49,modified=org.apache.commons.cli.Option;org.apache.commons.cli.OptionBuilder;target=org.apache.commons.cli.OptionBuilder::reset;params=;catg_cases=1,completed
Cli,35,CATG,default,1,5,True,0,0,False,57,9,15.79,20,1,5.0,3.11,modified=org.apache.commons.cli.Options;target=org.apache.commons.cli.Options::getMatchingOptions;params=java.lang.String;catg_cases=5,completed
Cli,36,CATG,default,1,0,False,0,0,False,0,0,0,0,0,0,0.0,STATUS:target_discovery:no_source_method,unsupported
Cli,37,CATG,default,1,0,False,0,0,False,0,0,0,0,0,0,1.47,STATUS:catg_runtime_interpreter:ClassCastException,unsupported
Cli,38,CATG,default,1,0,False,0,0,False,0,0,0,0,0,0,1.65,STATUS:catg_runtime_interpreter:ClassCastException,unsupported
Cli,39,CATG,default,1,0,False,0,0,False,0,0,0,0,0,0,0.0,STATUS:harness_limitation:unsupported_type:final Class<?> clazz:createValue,unsupported
Cli,40,CATG,default,1,0,False,0,0,False,0,0,0,0,0,0,0.0,STATUS:harness_limitation:unsupported_type:final Class<T> clazz:createValue,unsupported
Closure,1,CATG,default,1,0,False,0,0,False,0,0,0,0,0,0,0.0,STATUS:harness_limitation:unsupported_type:Scope fnScope:removeUnreferencedFunctionArgs,unsupported
Closure,2,CATG,default,1,0,False,0,0,False,0,0,0,0,0,0,0.0,STATUS:harness_limitation:unsupported_type:NodeTraversal t:checkInterfaceConflictProperties,unsupported
Closure,3,CATG,default,1,0,False,0,0,False,0,0,0,0,0,0,3.7,STATUS:concrete_runner:ERROR:java.lang.NoSuchMethodException:com.google.javascript.jscomp.FlowSensitiveInlineVariables$Candidate.canInline(),unsupported
Closure,4,CATG,default,1,0,False,0,0,False,0,0,0,0,0,0,0.0,STATUS:harness_limitation:unsupported_type:ErrorReporter t:resolveInternal,unsupported
Closure,5,CATG,default,1,0,False,0,0,False,0,0,0,0,0,0,0.0,STATUS:harness_limitation:unsupported_type:List<Reference> refs:isInlinableObject,unsupported
Closure,6,CATG,default,1,0,False,0,0,False,0,0,0,0,0,0,0.0,STATUS:harness_limitation:unsupported_type:NodeTraversal t:expectCanAssignToPropertyOf,unsupported
Closure,7,CATG,default,1,0,False,0,0,False,0,0,0,0,0,0,0.0,STATUS:harness_limitation:unsupported_type:ObjectType type:caseObjectType,unsupported
Closure,8,CATG,default,1,1,True,0,0,False,84,1,1.19,52,0,0.0,3.96,modified=com.google.javascript.jscomp.CollapseVariableDeclarations;target=com.google.javascript.jscomp.CollapseVariableDeclarations::applyCollapses;params=;catg_cases=1,completed
Closure,9,CATG,default,1,1,True,0,0,False,108,1,0.93,42,0,0.0,5.93,modified=com.google.javascript.jscomp.ProcessCommonJSModules;target=com.google.javascript.jscomp.ProcessCommonJSModules::normalizeSourceName;params=java.lang.String;catg_cases=1,completed
Closure,10,CATG,default,1,0,False,0,0,False,0,0,0,0,0,0,0.0,STATUS:harness_limitation:unsupported_type:Node n:mayBeString,unsupported
Closure,11,CATG,default,1,0,False,0,0,False,0,0,0,0,0,0,0.0,STATUS:harness_limitation:unsupported_type:NodeTraversal t:visitGetProp,unsupported
Closure,12,CATG,default,1,0,False,0,0,False,0,0,0,0,0,0,0.0,STATUS:harness_limitation:unsupported_type:Node n:computeMayUse,unsupported
Closure,13,CATG,default,1,0,False,0,0,False,0,0,0,0,0,0,0.0,STATUS:harness_limitation:unsupported_type:Node node:traverse,unsupported
Closure,14,CATG,default,1,0,False,0,0,False,0,0,0,0,0,0,0.0,STATUS:harness_limitation:unsupported_type:Node fromNode:computeFollowNode,unsupported
Closure,15,CATG,default,1,0,False,0,0,False,0,0,0,0,0,0,0.0,STATUS:harness_limitation:unsupported_type:Node n:apply,unsupported
Closure,16,CATG,default,1,0,False,0,0,False,0,0,0,0,0,0,0.0,STATUS:harness_limitation:unsupported_type:Node typeNode:fixTypeNode,unsupported
Closure,17,CATG,default,1,0,False,0,0,False,0,0,0,0,0,0,0.0,STATUS:harness_limitation:unsupported_type:JSDocInfo info:getDeclaredType,unsupported
Closure,18,CATG,default,1,0,False,0,0,False,0,0,0,0,0,0,3.14,STATUS:catg_runtime_interpreter:ArrayIndexOutOfBoundsException,unsupported
Closure,19,CATG,default,1,0,False,0,0,False,0,0,0,0,0,0,0.0,STATUS:harness_limitation:unsupported_type:FlowScope scope:declareNameInScope,unsupported
Closure,20,CATG,default,1,0,False,0,0,False,0,0,0,0,0,0,0.0,STATUS:harness_limitation:unsupported_type:Node n:tryFoldSimpleFunctionCall,unsupported
Closure,21,CATG,default,1,0,False,0,0,False,0,0,0,0,0,0,0.0,STATUS:harness_limitation:unsupported_type:NodeTraversal t:visit,unsupported
Closure,22,CATG,default,1,0,False,0,0,False,0,0,0,0,0,0,0.0,STATUS:harness_limitation:unsupported_type:NodeTraversal t:visit,unsupported
Closure,23,CATG,default,1,0,False,0,0,False,0,0,0,0,0,0,0.0,STATUS:harness_limitation:unsupported_type:Node n:tryFoldArrayAccess,unsupported
Closure,24,CATG,default,1,0,False,0,0,False,0,0,0,0,0,0,0.0,STATUS:harness_limitation:unsupported_type:NodeTraversal t:findAliases,unsupported
Closure,25,CATG,default,1,0,False,0,0,False,0,0,0,0,0,0,0.0,STATUS:harness_limitation:unsupported_type:Node n:traverseNew,unsupported
Closure,26,CATG,default,1,0,False,0,0,False,0,0,0,0,0,0,0.0,STATUS:harness_limitation:unsupported_type:Node script:emitOptionalModuleExportsOverride,unsupported
Closure,27,CATG,default,1,0,False,0,0,False,0,0,0,0,0,0,0.0,STATUS:harness_limitation:unsupported_type:Node tryBody:tryFinally,unsupported
Closure,28,CATG,default,1,0,False,0,0,False,0,0,0,0,0,0,0.0,STATUS:target_discovery:no_source_method,unsupported
Closure,29,CATG,default,1,0,False,0,0,False,0,0,0,0,0,0,0.0,STATUS:harness_limitation:unsupported_type:List<Reference> refs:isInlinableObject,unsupported
Closure,30,CATG,default,1,0,False,0,0,False,0,0,0,0,0,0,3.72,"STATUS:ERROR:CATG failed with exit 1:
Now testing catg.generated.CatgHarness_94d49545b0

========== Input 1 ==========
WARNING: 
java.lang.NoSuchMethodException: com.google.javascript.jscomp.MustBeReachingVariableDef.AbstractCfgNodeTraversalCallback()
	at java.lang.Class.getDeclaredMethod(Class.java:2130)
	at catg.generated.CatgHarness_94d49545b0.main(CatgHarness_94d49545b0.java:14)
Java exited with status 1",error
Closure,31,CATG,default,1,0,False,0,0,False,0,0,0,0,0,0,3.9,STATUS:catg_runtime_interpreter:ArrayIndexOutOfBoundsException,unsupported
Closure,32,CATG,default,1,0,False,0,0,False,0,0,0,0,0,0,0.0,STATUS:harness_limitation:unsupported_type:JsDocToken token:extractMultilineTextualBlock,unsupported
Closure,33,CATG,default,1,0,False,0,0,False,0,0,0,0,0,0,0.0,STATUS:harness_limitation:unsupported_type:ObjectType constraintObj:matchConstraint,unsupported
Closure,92,CATG,default,1,0,False,0,0,False,0,0,0,0,0,0,0.0,STATUS:ERROR:worker_exit_without_result,error
Gson,11,CATG,default,1,0,False,0,0,False,0,0,0,0,0,0,0.0,STATUS:ERROR:worker_exit_without_result,error
JacksonDatabind,66,CATG,default,1,0,False,0,0,False,0,0,0,0,0,0,0.0,STATUS:ERROR:worker_exit_without_result,error
JacksonDatabind,76,CATG,default,1,0,False,0,0,False,0,0,0,0,0,0,0.0,STATUS:ERROR:worker_exit_without_result,error
JacksonDatabind,79,CATG,default,1,0,False,0,0,False,0,0,0,0,0,0,0.0,STATUS:ERROR:worker_exit_without_result,error
JacksonDatabind,86,CATG,default,1,0,False,0,0,False,0,0,0,0,0,0,0.0,STATUS:ERROR:worker_exit_without_result,error
JacksonDatabind,95,CATG,default,1,0,False,0,0,False,0,0,0,0,0,0,0.0,STATUS:ERROR:worker_exit_without_result,error
JacksonDatabind,103,CATG,default,1,0,False,0,0,False,0,0,0,0,0,0,0.0,STATUS:ERROR:worker_exit_without_result,error
Jsoup,71,CATG,default,1,0,False,0,0,False,0,0,0,0,0,0,0.0,STATUS:ERROR:worker_exit_without_result,error
Lang,22,CATG,default,1,0,False,0,0,False,0,0,0,0,0,0,0.0,STATUS:ERROR:worker_exit_without_result,error
Math,48,CATG,default,1,0,False,0,0,False,0,0,0,0,0,0,0.0,STATUS:ERROR:worker_exit_without_result,error
Mockito,16,CATG,default,1,0,False,0,0,False,0,0,0,0,0,0,0.0,STATUS:ERROR:worker_exit_without_result,error
Mockito,27,CATG,default,1,0,False,0,0,False,0,0,0,0,0,0,0.0,STATUS:ERROR:worker_exit_without_result,error
